{
  "metrics_agg": {
    "n_test_examples": 40,
    "n_total_examples": 200,
    "dots_k5_test_accuracy": 0.725,
    "figs_aa_test_accuracy": 0.75,
    "accuracy_gap_method_vs_baseline": -0.025,
    "acc_figs_axis_aligned": 0.75,
    "acc_figs_oblique": 0.775,
    "acc_dots_K2": 0.725,
    "acc_dots_K3": 0.725,
    "acc_dots_K4": 0.725,
    "acc_dots_K5": 0.725,
    "acc_dots_K6": 0.725,
    "acc_dots_K8": 0.725,
    "acc_dots_K10": 0.725,
    "acc_random_forest": 0.75,
    "acc_decision_tree": 0.725,
    "acc_logistic_regression": 0.625,
    "mcnemar_p_value": 1.0,
    "mcnemar_odds_ratio": 0.75,
    "k_sweep_range": 0.0,
    "k_sweep_cv": 0.0,
    "k_sweep_spearman_rho": 0.0,
    "stability_mean_cosine": 0.746988,
    "stability_null_mean": 0.12061,
    "stability_z_score": 6.9968,
    "stability_uplift_ratio": 6.1934,
    "k2_dominates_all": 1,
    "verdict_score": 4,
    "criteria_met": 1,
    "criteria_partial": 2,
    "criteria_not_met": 2,
    "criteria_triggered": 1,
    "dots_k5_ci_lower": 0.575,
    "dots_k5_ci_upper": 0.85,
    "dots_k5_boot_se": 0.069894,
    "figs_aa_ci_lower": 0.6,
    "figs_aa_ci_upper": 0.875
  },
  "examples": [
    {
      "input": "Classify the following tabular data sample:\n  F1R: 70.5115\n  F1S: 68.6717\n  F2R: 73.4257\n  F2S: 70.9376\n  F3R: 69.8081\n  F3S: 75.5893\n  F4R: 74.3434\n  F4S: 74.9221\n  F5R: 62.4270\n  F5S: 58.7198\n  F6R:...",
      "output": "1",
      "context": {
        "features": {
          "F1R": 70.511505,
          "F1S": 68.671743,
          "F2R": 73.425668,
          "F2S": 70.937631,
          "F3R": 69.808125,
          "F3S": 75.589292,
          "F4R": 74.343356,
          "F4S": 74.922059,
          "F5R": 62.426992,
          "F5S": 58.719846,
          "F6R": 74.291185,
          "F6S": 68.143263,
          "F7R": 72.162324,
          "F7S": 71.783171,
          "F8R": 65.89236,
          "F8S": 61.455557,
          "F9R": 63.925101,
          "F9S": 68.274493,
          "F10R": 62.567038,
          "F10S": 69.537886,
          "F11R": 75.719678,
          "F11S": 73.466135,
          "F12R": 67.905253,
          "F12S": 67.649116,
          "F13R": 74.248354,
          "F13S": 74.968661,
          "F14R": 77.888084,
          "F14S": 58.041097,
          "F15R": 66.727746,
          "F15S": 56.856327,
          "F16R": 72.484556,
          "F16S": 70.613295,
          "F17R": 61.052396,
          "F17S": 62.334105,
          "F18R": 70.617884,
          "F18S": 73.220532,
          "F19R": 66.216008,
          "F19S": 67.006762,
          "F20R": 71.312786,
          "F20S": 64.124958,
          "F21R": 72.611237,
          "F21S": 55.54386,
          "F22R": 56.053076,
          "F22S": 62.460724
        },
        "n_features": 44,
        "task_type": "binary_classification",
        "dataset_source": "OpenML-797 benchmark suite",
        "feature_type": "numeric",
        "preprocessing": "none_needed_already_numeric",
        "evaluation_results": {
          "family1_bootstrap_ci": {
            "dots_K5": {
              "accuracy": {
                "point": 0.725,
                "mean": 0.724617,
                "se": 0.069894,
                "ci_lower": 0.575,
                "ci_upper": 0.85
              }
            },
            "figs_axis_aligned": {
              "accuracy": {
                "point": 0.75,
                "mean": 0.749978,
                "se": 0.068995,
                "ci_lower": 0.6,
                "ci_upper": 0.875
              }
            },
            "figs_oblique": {
              "accuracy": {
                "point": 0.775,
                "mean": 0.775,
                "se": 0.066026,
                "ci_lower": 0.64559,
                "ci_upper": 0.90441
              }
            },
            "dots_K2": {
              "accuracy": {
                "point": 0.725,
                "mean": 0.725,
                "se": 0.0706,
                "ci_lower": 0.586624,
                "ci_upper": 0.863376
              }
            },
            "dots_K3": {
              "accuracy": {
                "point": 0.725,
                "mean": 0.725,
                "se": 0.0706,
                "ci_lower": 0.586624,
                "ci_upper": 0.863376
              }
            },
            "dots_K4": {
              "accuracy": {
                "point": 0.725,
                "mean": 0.725,
                "se": 0.0706,
                "ci_lower": 0.586624,
                "ci_upper": 0.863376
              }
            },
            "dots_K6": {
              "accuracy": {
                "point": 0.725,
                "mean": 0.725,
                "se": 0.0706,
                "ci_lower": 0.586624,
                "ci_upper": 0.863376
              }
            },
            "dots_K8": {
              "accuracy": {
                "point": 0.725,
                "mean": 0.725,
                "se": 0.0706,
                "ci_lower": 0.586624,
                "ci_upper": 0.863376
              }
            },
            "dots_K10": {
              "accuracy": {
                "point": 0.725,
                "mean": 0.725,
                "se": 0.0706,
                "ci_lower": 0.586624,
                "ci_upper": 0.863376
              }
            },
            "random_forest": {
              "accuracy": {
                "point": 0.75,
                "mean": 0.75,
                "se": 0.068465,
                "ci_lower": 0.615808,
                "ci_upper": 0.884192
              }
            },
            "decision_tree": {
              "accuracy": {
                "point": 0.725,
                "mean": 0.725,
                "se": 0.0706,
                "ci_lower": 0.586624,
                "ci_upper": 0.863376
              }
            },
            "logistic_regression": {
              "accuracy": {
                "point": 0.625,
                "mean": 0.625,
                "se": 0.076547,
                "ci_lower": 0.474969,
                "ci_upper": 0.775031
              }
            }
          },
          "family2_mcnemar": [
            {
              "table": [
                [
                  26,
                  3
                ],
                [
                  4,
                  7
                ]
              ],
              "chi2": null,
              "p_value": 1.0,
              "odds_ratio": 0.75,
              "test_type": "exact_binomial",
              "method_a": "dots_K5",
              "method_b": "figs_axis_aligned",
              "significant_at_005": false,
              "significant_at_010": false,
              "p_adjusted": 1.0
            }
          ],
          "family3_k_sweep": {
            "k_values": [
              10,
              2,
              3
            ],
            "accuracies": [
              0.725,
              0.725,
              0.725
            ],
            "range": 0.0,
            "cv": 0.0,
            "mean": 0.725,
            "std": 0.0,
            "spearman_rho": 0.0,
            "spearman_p": 1.0,
            "slope": 0.0,
            "r_squared": 0.0,
            "slope_p": 1.0,
            "kappa_vs_k2": {
              "K10": 1.0,
              "K3": 1.0,
              "K4": 1.0,
              "K5": 1.0,
              "K6": 1.0,
              "K8": 1.0
            },
            "nmi_k_correctness": 0.0,
            "flatness_classification": "flat",
            "interpretation": "All DOTS K values produce identical test accuracy (0.725). The K-sweep is perfectly flat with zero variance. This means the dictionary size constraint has NO effect on predictive accuracy — K=2 is suf..."
          },
          "family4_stability": {
            "observed_pairwise_similarities": [
              0.694568,
              0.639089,
              0.843655
            ],
            "observed_mean": 0.746988,
            "observed_std": 0.079511,
            "null_analytical_mean": 0.121676,