{
  "examples": [
    {
      "input": "Classify the following tabular data sample:\n  F1R: 70.5115\n  F1S: 68.6717\n  F2R: 73.4257\n  F2S: 70.9376\n  F3R: 69.8081\n  F3S: 75.5893\n  F4R: 74.3434\n  F4S: 74.9221\n  F5R: 62.4270\n  F5S: 58.7198\n  F6R:...",
      "context": {
        "features": {
          "F1R": 70.511505,
          "F1S": 68.671743,
          "F2R": 73.425668,
          "F2S": 70.937631,
          "F3R": 69.808125,
          "F3S": 75.589292,
          "F4R": 74.343356,
          "F4S": 74.922059,
          "F5R": 62.426992,
          "F5S": 58.719846,
          "F6R": 74.291185,
          "F6S": 68.143263,
          "F7R": 72.162324,
          "F7S": 71.783171,
          "F8R": 65.89236,
          "F8S": 61.455557,
          "F9R": 63.925101,
          "F9S": 68.274493,
          "F10R": 62.567038,
          "F10S": 69.537886,
          "F11R": 75.719678,
          "F11S": 73.466135,
          "F12R": 67.905253,
          "F12S": 67.649116,
          "F13R": 74.248354,
          "F13S": 74.968661,
          "F14R": 77.888084,
          "F14S": 58.041097,
          "F15R": 66.727746,
          "F15S": 56.856327,
          "F16R": 72.484556,
          "F16S": 70.613295,
          "F17R": 61.052396,
          "F17S": 62.334105,
          "F18R": 70.617884,
          "F18S": 73.220532,
          "F19R": 66.216008,
          "F19S": 67.006762,
          "F20R": 71.312786,
          "F20S": 64.124958,
          "F21R": 72.611237,
          "F21S": 55.54386,
          "F22R": 56.053076,
          "F22S": 62.460724
        },
        "n_features": 44,
        "task_type": "binary_classification",
        "dataset_source": "OpenML-797 benchmark suite",
        "feature_type": "numeric",
        "preprocessing": "none_needed_already_numeric"
      },
      "output": "1",
      "dataset": "imodels/tabular-benchmark-797-classification",
      "split": "test"
    },
    {
      "input": "Classify the following tabular data sample:\n  F1R: 55.0406\n  F1S: 75.0266\n  F2R: 65.0128\n  F2S: 71.1990\n  F3R: 69.4850\n  F3S: 66.4147\n  F4R: 73.1449\n  F4S: 74.7500\n  F5R: 63.8450\n  F5S: 47.6606\n  F6R:...",
      "context": {
        "features": {
          "F1R": 55.040603,
          "F1S": 75.026624,
          "F2R": 65.012768,
          "F2S": 71.199008,
          "F3R": 69.484965,
          "F3S": 66.414715,
          "F4R": 73.144932,
          "F4S": 74.749982,
          "F5R": 63.844958,
          "F5S": 47.660637,
          "F6R": 72.84605,
          "F6S": 71.142237,
          "F7R": 69.685788,
          "F7S": 67.301352,
          "F8R": 47.581789,
          "F8S": 56.317329,
          "F9R": 76.692806,
          "F9S": 70.393342,
          "F10R": 70.856711,
          "F10S": 48.573269,
          "F11R": 77.586105,
          "F11S": 59.077339,
          "F12R": 68.653648,
          "F12S": 71.723587,
          "F13R": 61.319928,
          "F13S": 60.248435,
          "F14R": 66.80939,
          "F14S": 67.217242,
          "F15R": 58.308323,
          "F15S": 69.928279,
          "F16R": 68.492442,
          "F16S": 48.726294,
          "F17R": 40.402903,
          "F17S": 63.295277,
          "F18R": 48.584012,
          "F18S": 71.878175,
          "F19R": 48.471934,
          "F19S": 70.152586,
          "F20R": 63.41311,
          "F20S": 70.856657,
          "F21R": 72.593045,
          "F21S": 78.62149,
          "F22R": 57.554272,
          "F22S": 61.734926
        },
        "n_features": 44,
        "task_type": "binary_classification",
        "dataset_source": "OpenML-797 benchmark suite",
        "feature_type": "numeric",
        "preprocessing": "none_needed_already_numeric"
      },
      "output": "0",
      "dataset": "imodels/tabular-benchmark-797-classification",
      "split": "test"
    },
    {
      "input": "Classify the following tabular data sample:\n  F1R: 63.5548\n  F1S: 52.9832\n  F2R: 60.0778\n  F2S: 60.4591\n  F3R: 44.8623\n  F3S: 59.5678\n  F4R: 74.5612\n  F4S: 80.6465\n  F5R: 61.8002\n  F5S: 62.5087\n  F6R:...",
      "context": {
        "features": {
          "F1R": 63.554782,
          "F1S": 52.983165,
          "F2R": 60.077782,
          "F2S": 60.459062,
          "F3R": 44.862288,
          "F3S": 59.567838,
          "F4R": 74.561229,
          "F4S": 80.646485,
          "F5R": 61.800248,
          "F5S": 62.50865,
          "F6R": 76.91681,
          "F6S": 78.199076,
          "F7R": 76.412578,
          "F7S": 64.514819,
          "F8R": 58.754494,
          "F8S": 58.308706,
          "F9R": 35.851271,
          "F9S": 65.71916,
          "F10R": 71.688791,
          "F10S": 65.305414,
          "F11R": 79.282058,
          "F11S": 79.123526,
          "F12R": 71.648667,
          "F12S": 75.224795,
          "F13R": 31.532748,
          "F13S": 19.572599,
          "F14R": 44.684151,
          "F14S": 26.44583,
          "F15R": 61.952338,
          "F15S": 59.471863,
          "F16R": 72.575938,
          "F16S": 71.839251,
          "F17R": 58.185494,
          "F17S": 64.516538,
          "F18R": 59.749603,
          "F18S": 61.322201,
          "F19R": 75.907469,
          "F19S": 72.112163,
          "F20R": 72.317805,
          "F20S": 63.482745,
          "F21R": 75.846486,
          "F21S": 66.567848,
          "F22R": 68.884922,
          "F22S": 30.739544
        },
        "n_features": 44,
        "task_type": "binary_classification",
        "dataset_source": "OpenML-797 benchmark suite",
        "feature_type": "numeric",
        "preprocessing": "none_needed_already_numeric"
      },
      "output": "1",
      "dataset": "imodels/tabular-benchmark-797-classification",
      "split": "test"
    }
  ]
}